DROP TABLE buchung;
DROP TABLE rechnungen;
DROP TABLE pferde;

CREATE TABLE Pferde (
	id INTEGER GENERATED BY DEFAULT AS IDENTITY PRIMARY KEY,
	name VARCHAR(30) NOT NULL,
	foto VARCHAR(100) NOT NULL,
	preis NUMERIC(10,2) NOT NULL,
	therapieart VARCHAR(30) CHECK(therapieart IN('HPR','HPV','Hippotherapie')),
	rasse VARCHAR(30),
	kinderfreundlich BOOLEAN NOT NULL,
	deleted BOOLEAN NOT NULL
);

CREATE TABLE Rechnungen (
	datum TIMESTAMP PRIMARY KEY,
	name VARCHAR(30) NOT NULL,
	gesamtpreis NUMERIC(20,2) NOT NULL,
	gesamtstunden INTEGER NOT NULL,
	zahlungsart VARCHAR(30) CHECK(zahlungsart IN('Barzahlung','Kreditkarte','Ueberweisung')),
	telefon BIGINT CHECK(telefon >= 1000 AND telefon <= 9223372036854775806) NOT NULL
);

CREATE TABLE Buchung (
	datum TIMESTAMP FOREIGN KEY REFERENCES Rechnungen(datum),
	id INTEGER FOREIGN KEY REFERENCES Pferde(id),
	preis NUMERIC(10,2) NOT NULL,
	stunden INTEGER NOT NULL
);

INSERT INTO Pferde (id, name, foto, preis, therapieart, rasse, kinderfreundlich, deleted) VALUES (1, 'Wendy','Profilbilder/1.jpg',11.5,'Hippotherapie','Mustang',TRUE, TRUE);
INSERT INTO Pferde (id, name, foto, preis, therapieart, rasse, kinderfreundlich, deleted) VALUES (2, 'Liese','Profilbilder/3.jpg',10,'HPV','Araber',FALSE, FALSE);
INSERT INTO Pferde (id, name, foto, preis, therapieart, rasse, kinderfreundlich, deleted) VALUES (3, 'Bello','Profilbilder/2.jpg',9.75,'HPV','Lippizaner',TRUE, FALSE);
INSERT INTO Pferde (id, name, foto, preis, therapieart, rasse, kinderfreundlich, deleted) VALUES (4, 'Lizz','Profilbilder/3.jpg',15.55,'HPV','Mustang',FALSE, FALSE);
INSERT INTO Pferde (id, name, foto, preis, therapieart, kinderfreundlich, deleted) VALUES (5, 'Tomi','Profilbilder/5.jpg',8,'HPR',FALSE, FALSE);
INSERT INTO Pferde (id, name, foto, preis, therapieart, rasse, kinderfreundlich, deleted) VALUES (6, 'Excalibur','Profilbilder/4.jpg',13.5,'HPR','Ardenner',TRUE, FALSE);
INSERT INTO Pferde (id, name, foto, preis, therapieart, rasse, kinderfreundlich, deleted) VALUES (7, 'Wendy','Profilbilder/notfound.jpg',8.5,'Hippotherapie','Araber',FALSE, FALSE);
INSERT INTO Pferde (id, name, foto, preis, therapieart, rasse, kinderfreundlich, deleted) VALUES (8, 'Fredi','Profilbilder/6.jpg',7,'Hippotherapie','Shetlandpony',FALSE, FALSE);
INSERT INTO Pferde (id, name, foto, preis, therapieart, rasse, kinderfreundlich, deleted) VALUES (9, 'Pegasus','Profilbilder/5.jpg',14,'HPR','Mustang',FALSE, FALSE);
INSERT INTO Pferde (id, name, foto, preis, therapieart, kinderfreundlich, deleted) VALUES (10, 'Dorothea','Profilbilder/5.jpg',8.8,'HPV',TRUE, FALSE);
INSERT INTO Pferde (id, name, foto, preis, therapieart, rasse, kinderfreundlich, deleted) VALUES (11, 'Anne','Profilbilder/4.jpg',6.7,'HPR','Lippizaner',TRUE, FALSE);
INSERT INTO Pferde (id, name, foto, preis, therapieart, rasse, kinderfreundlich, deleted) VALUES (12, 'Bella','Profilbilder/3.jpg',9.8,'Hippotherapie','Mustang',FALSE, FALSE);
INSERT INTO Pferde (id, name, foto, preis, therapieart, rasse, kinderfreundlich, deleted) VALUES (13, 'Roger','Profilbilder/3.jpg',10.40,'HPV','Araber',TRUE, FALSE);
INSERT INTO Pferde (id, name, foto, preis, therapieart, kinderfreundlich, deleted) VALUES (14, 'Sepp','Profilbilder/2.jpg',7.6,'Hippotherapie',TRUE, TRUE);
INSERT INTO Pferde (id, name, foto, preis, therapieart, rasse, kinderfreundlich, deleted) VALUES (15, 'Bertl','Profilbilder/1.jpg',13,'HPV','Lippizaner',TRUE, FALSE);
INSERT INTO Pferde (id, name, foto, preis, therapieart, rasse, kinderfreundlich, deleted) VALUES (16, 'Dolly','Profilbilder/3.jpg',12.2,'Hippotherapie','Araber',FALSE, FALSE);
INSERT INTO Pferde (id, name, foto, preis, therapieart, rasse, kinderfreundlich, deleted) VALUES (17, 'Leberkaes','Profilbilder/5.jpg',12,'HPR','Araber',TRUE, FALSE);
INSERT INTO Pferde (id, name, foto, preis, therapieart, kinderfreundlich, deleted) VALUES (18, 'Sigi','Profilbilder/6.jpg',8.5,'HPR',TRUE, FALSE);
INSERT INTO Pferde (id, name, foto, preis, therapieart, kinderfreundlich, deleted) VALUES (19, 'Martin','Profilbilder/5.jpg',9,'Hippotherapie',TRUE, TRUE);
INSERT INTO Pferde (id, name, foto, preis, therapieart, kinderfreundlich, deleted) VALUES (20, 'Annabelle','Profilbilder/3.jpg',11,'HPV',FALSE, FALSE);
INSERT INTO Pferde (id, name, foto, preis, therapieart, kinderfreundlich, deleted) VALUES (21, 'Georgio','Profilbilder/2.jpg',13,'HPR',FALSE, FALSE);
INSERT INTO Pferde (id, name, foto, preis, therapieart, kinderfreundlich, deleted) VALUES (22, 'Sigi','Profilbilder/1.jpg',12,'Hippotherapie',TRUE, TRUE);
INSERT INTO Pferde (id, name, foto, preis, therapieart, kinderfreundlich, deleted) VALUES (23, 'Sigi','Profilbilder/3.jpg',9.8,'HPR',FALSE, FALSE);
INSERT INTO Pferde (id, name, foto, preis, therapieart, kinderfreundlich, deleted) VALUES (24, 'Luzifer','Profilbilder/2.jpg',11.5,'Hippotherapie',TRUE, FALSE);
INSERT INTO Pferde (id, name, foto, preis, therapieart, kinderfreundlich, deleted) VALUES (25, 'Reini','Profilbilder/1.jpg',14,'Hippotherapie',TRUE, FALSE);
INSERT INTO Pferde (id, name, foto, preis, therapieart, kinderfreundlich, deleted) VALUES (26, 'Beauty','Profilbilder/3.jpg',6,'HPV',TRUE, FALSE);
INSERT INTO Pferde (id, name, foto, preis, therapieart, kinderfreundlich, deleted) VALUES (27, 'Stallone','Profilbilder/2.jpg',8,'HPV',FALSE, TRUE);
INSERT INTO Pferde (id, name, foto, preis, therapieart, kinderfreundlich, deleted) VALUES (28, 'Dodo','Profilbilder/1.jpg',5,'Hippotherapie',TRUE, FALSE);
INSERT INTO Pferde (id, name, foto, preis, therapieart, kinderfreundlich, deleted) VALUES (29, 'Frederie','Profilbilder/3.jpg',9,'HPV',FALSE, FALSE);
INSERT INTO Pferde (id, name, foto, preis, therapieart, kinderfreundlich, deleted) VALUES (30, 'Abed','Profilbilder/4.jpg',11,'HPR',TRUE, FALSE);
INSERT INTO Pferde (id, name, foto, preis, therapieart, kinderfreundlich, deleted) VALUES (31, 'Buster','Profilbilder/3.jpg',7.5,'Hippotherapie',TRUE, FALSE);



INSERT INTO Rechnungen (datum, name, gesamtpreis, gesamtstunden, zahlungsart, telefon) VALUES ('2012-12-22 12:37:35.35', 'Max Musterli', 220.5, 18, 'Ueberweisung', 12345);
INSERT INTO Rechnungen (datum, name, gesamtpreis, gesamtstunden, zahlungsart, telefon) VALUES ('2012-12-13 15:12:24.75', 'Sepp Sowieso', 40, 5, 'Barzahlung', 2352526262);
INSERT INTO Rechnungen (datum, name, gesamtpreis, gesamtstunden, zahlungsart, telefon) VALUES ('2012-12-08 13:12:24.75', 'Brunhilde Wagner', 20, 4, 'Kreditkarte', 843855);
INSERT INTO Rechnungen (datum, name, gesamtpreis, gesamtstunden, zahlungsart, telefon) VALUES ('2012-10-21 06:12:24.75', 'Sepp Soauch', 38, 6, 'Barzahlung', 654383838);
INSERT INTO Rechnungen (datum, name, gesamtpreis, gesamtstunden, zahlungsart, telefon) VALUES ('2012-10-05 12:12:24.75', 'Mannie Manfredson', 40, 5, 'Barzahlung', 69768985);
INSERT INTO Rechnungen (datum, name, gesamtpreis, gesamtstunden, zahlungsart, telefon) VALUES ('2012-10-04 13:12:24.75', 'Toni Montana', 54, 8, 'Kreditkarte', 4567439);
INSERT INTO Rechnungen (datum, name, gesamtpreis, gesamtstunden, zahlungsart, telefon) VALUES ('2012-10-01 06:12:24.75', 'Anne French', 854, 56, 'Ueberweisung', 67900787);
INSERT INTO Rechnungen (datum, name, gesamtpreis, gesamtstunden, zahlungsart, telefon) VALUES ('2012-07-18 15:12:24.75', 'Gabi Gretel', 36, 5, 'Ueberweisung', 456854890);
INSERT INTO Rechnungen (datum, name, gesamtpreis, gesamtstunden, zahlungsart, telefon) VALUES ('2012-07-15 13:12:24.75', 'Pia Portugiso', 47, 7, 'Barzahlung', 456848787898);
INSERT INTO Rechnungen (datum, name, gesamtpreis, gesamtstunden, zahlungsart, telefon) VALUES ('2011-12-14 05:12:24.75', 'Mia Mimimi', 63, 12, 'Kreditkarte', 54689000988);
INSERT INTO Rechnungen (datum, name, gesamtpreis, gesamtstunden, zahlungsart, telefon) VALUES ('2011-12-13 16:12:24.75', 'Gfrbl Rglkj', 32, 3, 'Kreditkarte', 6956795696);
INSERT INTO Rechnungen (datum, name, gesamtpreis, gesamtstunden, zahlungsart, telefon) VALUES ('2011-10-07 15:12:24.75', 'Simon Silvretta Soultiberg', 342, 25, 'Kreditkarte', 678949);
INSERT INTO Rechnungen (datum, name, gesamtpreis, gesamtstunden, zahlungsart, telefon) VALUES ('2011-09-06 13:12:24.75', 'Aldi Daldi', 142.65, 21, 'Barzahlung', 568906757);
INSERT INTO Rechnungen (datum, name, gesamtpreis, gesamtstunden, zahlungsart, telefon) VALUES ('2011-08-04 20:12:24.75', 'Tom Turbo', 67.36, 7, 'Ueberweisung', 456794679);
INSERT INTO Rechnungen (datum, name, gesamtpreis, gesamtstunden, zahlungsart, telefon) VALUES ('2011-08-06 09:12:24.75', 'Heinz Ketchup', 26, 4, 'Barzahlung', 56787786);

INSERT INTO Buchung (datum, id, preis, stunden) VALUES ('2012-12-22 12:37:35.35', 1, 10.2, 12);
INSERT INTO Buchung (datum, id, preis, stunden) VALUES ('2012-12-22 12:37:35.35', 2, 8.2, 5);
INSERT INTO Buchung (datum, id, preis, stunden) VALUES ('2012-12-22 12:37:35.35', 3, 7.2, 6);
INSERT INTO Buchung (datum, id, preis, stunden) VALUES ('2012-12-13 15:12:24.75', 3, 12, 9);
INSERT INTO Buchung (datum, id, preis, stunden) VALUES ('2012-12-13 15:12:24.75', 13, 9, 4);
INSERT INTO Buchung (datum, id, preis, stunden) VALUES ('2012-12-13 15:12:24.75', 15, 15, 3);
INSERT INTO Buchung (datum, id, preis, stunden) VALUES ('2012-12-08 13:12:24.75', 11, 11, 6);
INSERT INTO Buchung (datum, id, preis, stunden) VALUES ('2012-12-08 13:12:24.75', 28, 12, 4);
INSERT INTO Buchung (datum, id, preis, stunden) VALUES ('2012-10-21 06:12:24.75', 18, 10.5, 3);
INSERT INTO Buchung (datum, id, preis, stunden) VALUES ('2012-10-21 06:12:24.75', 14, 6.5, 4);
INSERT INTO Buchung (datum, id, preis, stunden) VALUES ('2012-10-05 12:12:24.75', 12, 9.5, 5);
INSERT INTO Buchung (datum, id, preis, stunden) VALUES ('2012-10-05 12:12:24.75', 6, 9.5, 5);
INSERT INTO Buchung (datum, id, preis, stunden) VALUES ('2012-10-05 12:12:24.75', 14, 12.5, 2);
INSERT INTO Buchung (datum, id, preis, stunden) VALUES ('2012-10-04 13:12:24.75', 12, 11.5, 3);
INSERT INTO Buchung (datum, id, preis, stunden) VALUES ('2012-10-04 13:12:24.75', 28, 7.5, 4);
INSERT INTO Buchung (datum, id, preis, stunden) VALUES ('2012-10-04 13:12:24.75', 26, 10.5, 6);
INSERT INTO Buchung (datum, id, preis, stunden) VALUES ('2012-10-04 13:12:24.75', 24, 9.5, 9);
INSERT INTO Buchung (datum, id, preis, stunden) VALUES ('2012-10-01 06:12:24.75', 20, 10, 5);
INSERT INTO Buchung (datum, id, preis, stunden) VALUES ('2012-10-01 06:12:24.75', 10, 10.5, 15);
INSERT INTO Buchung (datum, id, preis, stunden) VALUES ('2012-10-01 06:12:24.75', 30, 13, 8);
INSERT INTO Buchung (datum, id, preis, stunden) VALUES ('2012-10-01 06:12:24.75', 31, 7.75, 12);
INSERT INTO Buchung (datum, id, preis, stunden) VALUES ('2012-10-01 06:12:24.75', 22, 4.5, 4);
INSERT INTO Buchung (datum, id, preis, stunden) VALUES ('2012-10-01 06:12:24.75', 21, 8.5, 10);
INSERT INTO Buchung (datum, id, preis, stunden) VALUES ('2012-07-18 15:12:24.75', 15, 9.5, 2);
INSERT INTO Buchung (datum, id, preis, stunden) VALUES ('2012-07-18 15:12:24.75', 12, 10.5, 3);
INSERT INTO Buchung (datum, id, preis, stunden) VALUES ('2012-07-15 13:12:24.75', 18, 8.5, 5);
INSERT INTO Buchung (datum, id, preis, stunden) VALUES ('2012-07-15 13:12:24.75', 13, 6.5, 2);
INSERT INTO Buchung (datum, id, preis, stunden) VALUES ('2011-12-14 05:12:24.75', 8, 9.5, 3);
INSERT INTO Buchung (datum, id, preis, stunden) VALUES ('2011-12-14 05:12:24.75', 4, 9.5, 3);
INSERT INTO Buchung (datum, id, preis, stunden) VALUES ('2011-12-14 05:12:24.75', 18, 9.5, 3);
INSERT INTO Buchung (datum, id, preis, stunden) VALUES ('2011-12-14 05:12:24.75', 31, 9.5, 3);
INSERT INTO Buchung (datum, id, preis, stunden) VALUES ('2011-12-14 05:12:24.75', 25, 12.5, 4);
INSERT INTO Buchung (datum, id, preis, stunden) VALUES ('2011-12-13 16:12:24.75', 21, 10.5, 3);
INSERT INTO Buchung (datum, id, preis, stunden) VALUES ('2011-10-07 15:12:24.75', 17, 8.5, 4);
INSERT INTO Buchung (datum, id, preis, stunden) VALUES ('2011-10-07 15:12:24.75', 14, 8.5, 5);
INSERT INTO Buchung (datum, id, preis, stunden) VALUES ('2011-10-07 15:12:24.75', 26, 8.5, 5);
INSERT INTO Buchung (datum, id, preis, stunden) VALUES ('2011-10-07 15:12:24.75', 28, 8.5, 6);
INSERT INTO Buchung (datum, id, preis, stunden) VALUES ('2011-10-07 15:12:24.75', 5, 8.5, 5);
INSERT INTO Buchung (datum, id, preis, stunden) VALUES ('2011-09-06 13:12:24.75', 2, 12.5, 4);
INSERT INTO Buchung (datum, id, preis, stunden) VALUES ('2011-09-06 13:12:24.75', 3, 9.5, 2);
INSERT INTO Buchung (datum, id, preis, stunden) VALUES ('2011-09-06 13:12:24.75', 4, 10, 3);
INSERT INTO Buchung (datum, id, preis, stunden) VALUES ('2011-09-06 13:12:24.75', 6, 12.5, 4);
INSERT INTO Buchung (datum, id, preis, stunden) VALUES ('2011-09-06 13:12:24.75', 19, 10.5, 5);
INSERT INTO Buchung (datum, id, preis, stunden) VALUES ('2011-09-06 13:12:24.75', 26, 8.5, 7);
INSERT INTO Buchung (datum, id, preis, stunden) VALUES ('2011-09-06 13:12:24.75', 12, 6.5, 3);
INSERT INTO Buchung (datum, id, preis, stunden) VALUES ('2011-09-06 13:12:24.75', 11, 7, 1);
INSERT INTO Buchung (datum, id, preis, stunden) VALUES ('2011-08-04 20:12:24.75', 7, 5, 3);
INSERT INTO Buchung (datum, id, preis, stunden) VALUES ('2011-08-06 09:12:24.75', 9, 6, 2);
INSERT INTO Buchung (datum, id, preis, stunden) VALUES ('2011-08-06 09:12:24.75', 14, 8, 3);


